filename,image_url,is_product,name,category,price,description
23_1.jpg,/static/images/products/23_1.jpg,NO,23 1,Other,100,
26organic-farming-e1621668019761.jpg,/static/images/products/26organic-farming-e1621668019761.jpg,NO,26Organic Farming E1621668019761,Other,100,
26organic-farming.jpg,/static/images/products/26organic-farming.jpg,NO,26Organic Farming,Other,100,
a2.jpeg,/static/images/products/a2.jpeg,NO,A2,Other,100,
aalam-be.jpg,/static/images/products/aalam-be.jpg,YES,Aalam Tea,Other,100,
aalam.jpeg,/static/images/products/aalam.jpeg,YES,Aalam,Other,100,
ajay-lakshman-ym4i__kllaw-unsplash-scaled.jpg,/static/images/products/ajay-lakshman-ym4i__kllaw-unsplash-scaled.jpg,NO,Ajay Lakshman Ym4I  Kllaw Unsplash Scaled,Other,100,
ajay-lakshman-ym4i__kllaw-unsplash.jpg,/static/images/products/ajay-lakshman-ym4i__kllaw-unsplash.jpg,NO,Ajay Lakshman Ym4I  Kllaw Unsplash,Other,100,
aliona-gumeniuk-aoq83rpea60-unsplash-scaled.jpg,/static/images/products/aliona-gumeniuk-aoq83rpea60-unsplash-scaled.jpg,NO,Aliona Gumeniuk Aoq83Rpea60 Unsplash Scaled,Other,100,
aliona-gumeniuk-aoq83rpea60-unsplash.jpg,/static/images/products/aliona-gumeniuk-aoq83rpea60-unsplash.jpg,NO,Aliona Gumeniuk Aoq83Rpea60 Unsplash,Other,100,
almond.jpg,/static/images/products/almond.jpg,YES,Almond,Dry Fruits,100,
amaranth-seeds-500x500.jpg,/static/images/products/amaranth-seeds-500x500.jpg,NO,Amaranth Seeds,Millets,100,
amaranth-seeds.jpg,/static/images/products/amaranth-seeds.jpg,NO,Amaranth Seeds,Millets,100,
ant.jpg,/static/images/products/ant.jpg,NO,Ant,Other,100,
athirasam-foxtail-millet.jpg,/static/images/products/athirasam-foxtail-millet.jpg,YES,Athirasam Foxtail Millet,Millets,100,
athirasam-kavuni.jpg,/static/images/products/athirasam-kavuni.jpg,YES,Athirasam Kavuni,Other,100,
athirasam-millet.jpg,/static/images/products/athirasam-millet.jpg,YES,Athirasam Millet,Millets,100,
athirasam.jpeg,/static/images/products/athirasam.jpeg,YES,Athirasam,Other,100,
avaram.jpeg,/static/images/products/avaram.jpeg,YES,Avaram,Herbal,100,
avvai.jpg,/static/images/products/avvai.jpg,NO,Avvai,Other,100,
banner-1.jpg,/static/images/products/banner-1.jpg,NO,Banner 1,Other,100,
banner.jpg,/static/images/products/banner.jpg,NO,Banner,Other,100,
basic-combo.jpg,/static/images/products/basic-combo.jpg,NO,Basic Combo,Other,100,
basmathi-white-poha.jpg,/static/images/products/basmathi-white-poha.jpg,YES,Basmathi White Poha,Rice,100,
basmathi.jpg,/static/images/products/basmathi.jpg,YES,Basmathi,Rice,100,
basmati-rice-500x500.jpg,/static/images/products/basmati-rice-500x500.jpg,YES,Basmati Rice,Rice,100,
basmati-rice.jpg,/static/images/products/basmati-rice.jpg,YES,Basmati Rice,Rice,100,
bavani-rice.png,/static/images/products/bavani-rice.png,YES,Bavani Rice,Rice,100,
bee.jpg,/static/images/products/bee.jpg,NO,Bee,Other,100,
bio-diverse.jpg,/static/images/products/bio-diverse.jpg,NO,Bio Diverse,Other,100,
black-gram-urad-dal-whole-and-splits-500x500.png,/static/images/products/black-gram-urad-dal-whole-and-splits-500x500.png,NO,Black Gram Urad Dal Whole And Splits,Pulses,100,
black-gram-urad-dal-whole-and-splits.png,/static/images/products/black-gram-urad-dal-whole-and-splits.png,NO,Black Gram Urad Dal Whole And Splits,Pulses,100,
black-kavuni.jpg,/static/images/products/black-kavuni.jpg,YES,Black Kavuni,Other,100,
black-kollu.jpg,/static/images/products/black-kollu.jpg,YES,Black Kollu,Pulses,100,
black-raisins.jpg,/static/images/products/black-raisins.jpg,YES,Black Raisins,Dry Fruits,100,
black-urad-dal.jpeg,/static/images/products/black-urad-dal.jpeg,NO,Black Urad Dal,Pulses,100,
briyani-elai.jpg,/static/images/products/briyani-elai.jpg,YES,Briyani Elai,Other,100,
brown-basmati-rice-500x500.jpeg,/static/images/products/brown-basmati-rice-500x500.jpeg,YES,Brown Basmati Rice,Rice,100,
brown-basmati-rice.jpeg,/static/images/products/brown-basmati-rice.jpeg,YES,Brown Basmati Rice,Rice,100,
brown-channa.jpg,/static/images/products/brown-channa.jpg,YES,Brown Channa,Pulses,100,
cashew.jpg,/static/images/products/cashew.jpg,YES,Cashew,Dry Fruits,100,
castor-oil.jpg,/static/images/products/castor-oil.jpg,YES,Castor Oil,Oils,100,
catogery_rice.jpeg,/static/images/products/catogery_rice.jpeg,YES,Catogery Rice,Rice,100,
chana-dal1.jpg,/static/images/products/chana-dal1.jpg,YES,Chana Dal,Pulses,100,
chetan-bhadarka-pobhow5sv0y-unsplash-scaled.jpg,/static/images/products/chetan-bhadarka-pobhow5sv0y-unsplash-scaled.jpg,NO,Chetan Bhadarka Pobhow5Sv0Y Unsplash Scaled,Other,100,
chetan-bhadarka-pobhow5sv0y-unsplash.jpg,/static/images/products/chetan-bhadarka-pobhow5sv0y-unsplash.jpg,NO,Chetan Bhadarka Pobhow5Sv0Y Unsplash,Other,100,
chicory-root-coffee.jpg,/static/images/products/chicory-root-coffee.jpg,YES,Chicory Root Coffee,Other,100,
cinamon.jpg,/static/images/products/cinamon.jpg,YES,Cinamon,Other,100,
cinnamon_1.jpg,/static/images/products/cinnamon_1.jpg,YES,Cinnamon,Spices,100,
cloves-tooth-powder.jpg,/static/images/products/cloves-tooth-powder.jpg,YES,Cloves Tooth Powder,Spices,100,
cloves.jpg,/static/images/products/cloves.jpg,YES,Cloves,Spices,100,
coconut-oil.jpg,/static/images/products/coconut-oil.jpg,YES,Coconut Oil,Oils,100,
combo_packs.jpg,/static/images/products/combo_packs.jpg,NO,Combo Packs,Other,100,
compare.png,/static/images/products/compare.png,YES,Compare,Other,100,
copper1.jpg,/static/images/products/copper1.jpg,YES,Copper1,Other,100,
cow.jpg,/static/images/products/cow.jpg,YES,Cow,Other,100,
croped-wheat.jpg,/static/images/products/croped-wheat.jpg,YES,Croped Wheat,Other,100,
crow-eating-mountain-ash-fruit.jpg,/static/images/products/crow-eating-mountain-ash-fruit.jpg,YES,Crow Eating Mountain Ash Fruit,Other,100,
crowdfunding-for-ag_growing-money-1030x577.jpg,/static/images/products/crowdfunding-for-ag_growing-money-1030x577.jpg,YES,Crowdfunding For Ag Growing Money,Other,100,
crowdfunding-for-ag_growing-money.jpg,/static/images/products/crowdfunding-for-ag_growing-money.jpg,YES,Crowdfunding For Ag Growing Money,Other,100,
deepak-kumar-42bbyfbvaiw-unsplash-scaled.jpg,/static/images/products/deepak-kumar-42bbyfbvaiw-unsplash-scaled.jpg,NO,Deepak Kumar 42Bbyfbvaiw Unsplash Scaled,Other,100,
deepak-kumar-42bbyfbvaiw-unsplash.jpg,/static/images/products/deepak-kumar-42bbyfbvaiw-unsplash.jpg,NO,Deepak Kumar 42Bbyfbvaiw Unsplash,Other,100,
deepak-kumar-_ssmnhkymia-unsplash-scaled.jpg,/static/images/products/deepak-kumar-_ssmnhkymia-unsplash-scaled.jpg,NO,Deepak Kumar  Ssmnhkymia Unsplash Scaled,Other,100,
deepak-kumar-_ssmnhkymia-unsplash.jpg,/static/images/products/deepak-kumar-_ssmnhkymia-unsplash.jpg,NO,Deepak Kumar  Ssmnhkymia Unsplash,Other,100,
deepak-kumar-o9kuctihxlk-unsplash-scaled.jpg,/static/images/products/deepak-kumar-o9kuctihxlk-unsplash-scaled.jpg,NO,Deepak Kumar O9Kuctihxlk Unsplash Scaled,Other,100,
deepak-kumar-o9kuctihxlk-unsplash.jpg,/static/images/products/deepak-kumar-o9kuctihxlk-unsplash.jpg,NO,Deepak Kumar O9Kuctihxlk Unsplash,Other,100,
deepak-kumar-obymakxvuv0-unsplash-scaled.jpg,/static/images/products/deepak-kumar-obymakxvuv0-unsplash-scaled.jpg,NO,Deepak Kumar Obymakxvuv0 Unsplash Scaled,Other,100,
deepak-kumar-obymakxvuv0-unsplash.jpg,/static/images/products/deepak-kumar-obymakxvuv0-unsplash.jpg,NO,Deepak Kumar Obymakxvuv0 Unsplash,Other,100,
deepavali-2021-combo.jpg,/static/images/products/deepavali-2021-combo.jpg,NO,Deepavali 2021 Combo,Other,100,
dhairya-shah-kcrjmxvdsde-unsplash-scaled.jpg,/static/images/products/dhairya-shah-kcrjmxvdsde-unsplash-scaled.jpg,NO,Dhairya Shah Kcrjmxvdsde Unsplash Scaled,Other,100,
dhairya-shah-kcrjmxvdsde-unsplash.jpg,/static/images/products/dhairya-shah-kcrjmxvdsde-unsplash.jpg,NO,Dhairya Shah Kcrjmxvdsde Unsplash,Other,100,
dhal-appalam_1024x1024.jpg,/static/images/products/dhal-appalam_1024x1024.jpg,YES,Dhal Appalam,Other,100,
dhaniya-thool.jpg,/static/images/products/dhaniya-thool.jpg,YES,Dhaniya Thool,Other,100,
dhoop-sticks.jpg,/static/images/products/dhoop-sticks.jpg,YES,Dhoop Sticks,Other,100,
dish-wash.jpg,/static/images/products/dish-wash.jpg,YES,Dish Wash,Other,100,
diversity1.png,/static/images/products/diversity1.png,YES,Diversity1,Other,100,
dried-ginger-powder-500x500.jpg,/static/images/products/dried-ginger-powder-500x500.jpg,YES,Dried Ginger Powder,Flours,100,
dried-ginger-powder.jpg,/static/images/products/dried-ginger-powder.jpg,YES,Dried Ginger Powder,Flours,100,
dry-fruites.jpg,/static/images/products/dry-fruites.jpg,YES,Dry Fruites,Dry Fruits,100,
dry-grapes.jpg,/static/images/products/dry-grapes.jpg,YES,Dry Grapes,Dry Fruits,100,
dry-vadavam.jpg,/static/images/products/dry-vadavam.jpg,NO,Dry Vadavam,Dry Fruits,100,
duck.jpg,/static/images/products/duck.jpg,YES,Duck,Other,100,
earl-wilcox-kjpgr2sjqk8-unsplash-scaled.jpg,/static/images/products/earl-wilcox-kjpgr2sjqk8-unsplash-scaled.jpg,NO,Earl Wilcox Kjpgr2Sjqk8 Unsplash Scaled,Other,100,
earl-wilcox-kjpgr2sjqk8-unsplash.jpg,/static/images/products/earl-wilcox-kjpgr2sjqk8-unsplash.jpg,NO,Earl Wilcox Kjpgr2Sjqk8 Unsplash,Other,100,
elakai.jpg,/static/images/products/elakai.jpg,YES,Elakai,Spices,100,
elakai1.png,/static/images/products/elakai1.png,YES,Elakai1,Spices,100,
elantha-pazham-tea.jpeg,/static/images/products/elantha-pazham-tea.jpeg,NO,Elantha Pazham Tea,Herbal,100,
ellu-podi.jpg,/static/images/products/ellu-podi.jpg,YES,Ellu Podi,Other,100,
ellu.jpg,/static/images/products/ellu.jpg,YES,Ellu,Other,100,
family.png,/static/images/products/family.png,YES,Family,Other,100,
farmers.jpg,/static/images/products/farmers.jpg,NO,Farmers,Other,100,
farmersj.png,/static/images/products/farmersj.png,NO,Farmersj,Other,100,
fenu.jpg,/static/images/products/fenu.jpg,YES,Fenu,Other,100,
festival-scaled.jpg,/static/images/products/festival-scaled.jpg,NO,Festival Scaled,Other,100,
festival.jpg,/static/images/products/festival.jpg,YES,Festival,Other,100,
fig.jpg,/static/images/products/fig.jpg,YES,Fig,Other,100,
filter-coffee.jpg,/static/images/products/filter-coffee.jpg,YES,Filter Coffee,Other,100,
flax-seeds.jpg,/static/images/products/flax-seeds.jpg,YES,Flax Seeds,Other,100,
floor-cleaner.jpg,/static/images/products/floor-cleaner.jpg,YES,Floor Cleaner,Other,100,
flours.jpeg,/static/images/products/flours.jpeg,YES,Flours,Flours,100,
garam-masala.jpg,/static/images/products/garam-masala.jpg,YES,Garam Masala,Other,100,
ghee-500x500.jpeg,/static/images/products/ghee-500x500.jpeg,YES,Ghee,Other,100,
ghee.jpeg,/static/images/products/ghee.jpeg,YES,Ghee,Other,100,
goat.jpg,/static/images/products/goat.jpg,YES,Goat,Other,100,
graph1.png,/static/images/products/graph1.png,YES,Graph1,Other,100,
greengaram-adai-mix.jpg,/static/images/products/greengaram-adai-mix.jpg,NO,Greengaram Adai Mix,Other,100,
groundnut-oil-500x500.jpg,/static/images/products/groundnut-oil-500x500.jpg,YES,Groundnut Oil,Oils,100,
groundnut-oil.jpg,/static/images/products/groundnut-oil.jpg,YES,Groundnut Oil,Oils,100,
gulkand.jpg,/static/images/products/gulkand.jpg,YES,Gulkand,Other,100,
gum-asafoetida-500x500.jpg,/static/images/products/gum-asafoetida-500x500.jpg,YES,Gum Asafoetida,Other,100,
gum-asafoetida.jpg,/static/images/products/gum-asafoetida.jpg,YES,Gum Asafoetida,Other,100,
hair-wash.jpeg,/static/images/products/hair-wash.jpeg,YES,Hair Wash,Other,100,
handpound-rice.jpg,/static/images/products/handpound-rice.jpg,YES,Handpound Rice,Rice,100,
happy-farmers.jpg,/static/images/products/happy-farmers.jpg,NO,Happy Farmers,Other,100,
hc11.jpg,/static/images/products/hc11.jpg,YES,Hc11,Other,100,
healthy-life.jpg,/static/images/products/healthy-life.jpg,YES,Healthy Life,Other,100,
herbal-dhoop-e1695897458759.jpg,/static/images/products/herbal-dhoop-e1695897458759.jpg,YES,Herbal Dhoop E1695897458759,Herbal,100,
herbal-dhoop.jpg,/static/images/products/herbal-dhoop.jpg,YES,Herbal Dhoop,Herbal,100,
herbal-tea.jpg,/static/images/products/herbal-tea.jpg,YES,Herbal Tea,Herbal,100,
herbal.jpg,/static/images/products/herbal.jpg,YES,Herbal,Herbal,100,
hill-honey.jpg,/static/images/products/hill-honey.jpg,YES,Hill Honey,Sweeteners,100,
home-care.jpg,/static/images/products/home-care.jpg,YES,Home Care,Other,100,
home-made-soap.jpg,/static/images/products/home-made-soap.jpg,NO,Home Made Soap,Personal Care,100,
honey.jpg,/static/images/products/honey.jpg,YES,Honey,Sweeteners,100,
hot-tea.jpg,/static/images/products/hot-tea.jpg,YES,Hot Tea,Herbal,100,
hti.jpg,/static/images/products/hti.jpg,YES,Hti,Other,100,
hw-cont.jpg,/static/images/products/hw-cont.jpg,YES,Hw Cont,Other,100,
idli-podi.jpg,/static/images/products/idli-podi.jpg,YES,Idli Podi,Other,100,
idly-dosai-mix.jpg,/static/images/products/idly-dosai-mix.jpg,YES,Idly Dosai Mix,Other,100,
idly-rice.jpg,/static/images/products/idly-rice.jpg,YES,Idly Rice,Rice,100,
illuppaipoo-samba-rice-500x500.jpg,/static/images/products/illuppaipoo-samba-rice-500x500.jpg,YES,Illuppaipoo Samba Rice,Rice,100,
illuppaipoo-samba-rice.jpg,/static/images/products/illuppaipoo-samba-rice.jpg,YES,Illuppaipoo Samba Rice,Rice,100,
images.jpg,/static/images/products/images.jpg,YES,Images,Other,100,
indian-palm-jaggery-500x500.jpg,/static/images/products/indian-palm-jaggery-500x500.jpg,YES,Indian Palm Jaggery,Sweeteners,100,
indian-palm-jaggery.jpg,/static/images/products/indian-palm-jaggery.jpg,YES,Indian Palm Jaggery,Sweeteners,100,
irungu-solam.jpg,/static/images/products/irungu-solam.jpg,YES,Irungu Solam,Other,100,
jaggery-500x500.jpg,/static/images/products/jaggery-500x500.jpg,YES,Jaggery,Sweeteners,100,
jaggery-balls-500x500.png,/static/images/products/jaggery-balls-500x500.png,YES,Jaggery Balls,Sweeteners,100,
jaggery-balls.png,/static/images/products/jaggery-balls.png,YES,Jaggery Balls,Sweeteners,100,
jaggery-powder-500x500.jpg,/static/images/products/jaggery-powder-500x500.jpg,YES,Jaggery Powder,Sweeteners,100,
jaggery-powder.jpg,/static/images/products/jaggery-powder.jpg,YES,Jaggery Powder,Sweeteners,100,
jaggery.jpg,/static/images/products/jaggery.jpg,YES,Jaggery,Sweeteners,100,
jaikishan-patel-p1rlxdpqmas-unsplash-scaled.jpg,/static/images/products/jaikishan-patel-p1rlxdpqmas-unsplash-scaled.jpg,NO,Jaikishan Patel P1Rlxdpqmas Unsplash Scaled,Other,100,
jaikishan-patel-p1rlxdpqmas-unsplash.jpg,/static/images/products/jaikishan-patel-p1rlxdpqmas-unsplash.jpg,NO,Jaikishan Patel P1Rlxdpqmas Unsplash,Other,100,
jathi.jpeg,/static/images/products/jathi.jpeg,YES,Jathi,Other,100,
jeera-powder.jpg,/static/images/products/jeera-powder.jpg,YES,Jeera Powder,Spices,100,
jowar.jpg,/static/images/products/jowar.jpg,YES,Jowar,Other,100,
jube.jpeg,/static/images/products/jube.jpeg,YES,Jube,Other,100,
kadalai-mavu.jpg,/static/images/products/kadalai-mavu.jpg,NO,Kadalai Mavu,Pulses,100,
kaikuthal.jpeg,/static/images/products/kaikuthal.jpeg,YES,Kaikuthal,Other,100,
kalarpalai.jpg,/static/images/products/kalarpalai.jpg,YES,Kalarpalai,Other,100,
kambu-mavu.jpg,/static/images/products/kambu-mavu.jpg,YES,Kambu Mavu,Millets,100,
kambu.jpg,/static/images/products/kambu.jpg,YES,Kambu,Millets,100,
karunguruvai-rice-500x500.jpg,/static/images/products/karunguruvai-rice-500x500.jpg,YES,Karunguruvai Rice,Rice,100,
karunguruvai-rice.jpg,/static/images/products/karunguruvai-rice.jpg,YES,Karunguruvai Rice,Rice,100,
karunjeeragam.jpg,/static/images/products/karunjeeragam.jpg,YES,Karunjeeragam,Spices,100,
karupatti-sugar.jpg,/static/images/products/karupatti-sugar.jpg,YES,Karupatti Sugar,Sweeteners,100,
karupu-kavuni.jpg,/static/images/products/karupu-kavuni.jpg,YES,Karupu Kavuni,Other,100,
karuveppilai_podi.jpg,/static/images/products/karuveppilai_podi.jpg,YES,Karuveppilai Podi,Other,100,
kasakasa.jpg,/static/images/products/kasakasa.jpg,YES,Kasakasa,Other,100,
kasthuri.jpeg,/static/images/products/kasthuri.jpeg,YES,Kasthuri,Other,100,
katti-sambrani.jpg,/static/images/products/katti-sambrani.jpg,YES,Katti Sambrani,Other,100,
kattuyanam.jpg,/static/images/products/kattuyanam.jpg,YES,Kattuyanam,Other,100,
kichili-samba-rrice.jpg,/static/images/products/kichili-samba-rrice.jpg,YES,Kichili Samba Rrice,Rice,100,
kichili-samba.jpg,/static/images/products/kichili-samba.jpg,YES,Kichili Samba,Other,100,
kiloi.jpg,/static/images/products/kiloi.jpg,YES,Kiloi,Other,100,
kollu-soup.jpeg,/static/images/products/kollu-soup.jpeg,YES,Kollu Soup,Pulses,100,
kollu.jpg,/static/images/products/kollu.jpg,YES,Kollu,Pulses,100,
krambu.jpg,/static/images/products/krambu.jpg,YES,Krambu,Other,100,
krishna-kant-02p9svewru4-unsplash-scaled.jpg,/static/images/products/krishna-kant-02p9svewru4-unsplash-scaled.jpg,NO,Krishna Kant 02P9Svewru4 Unsplash Scaled,Other,100,
krishna-kant-02p9svewru4-unsplash.jpg,/static/images/products/krishna-kant-02p9svewru4-unsplash.jpg,NO,Krishna Kant 02P9Svewru4 Unsplash,Other,100,
kulivedichan.jpg,/static/images/products/kulivedichan.jpg,YES,Kulivedichan,Other,100,
kullakar-boiled.jpeg,/static/images/products/kullakar-boiled.jpeg,YES,Kullakar Boiled,Oils,100,
kullakar.jpg,/static/images/products/kullakar.jpg,YES,Kullakar,Other,100,
kuthurai-vali.jpg,/static/images/products/kuthurai-vali.jpg,YES,Kuthurai Vali,Other,100,
kyff-logo.png,/static/images/products/kyff-logo.png,NO,Kyff Logo,Other,100,
kyff-name.png,/static/images/products/kyff-name.png,YES,Kyff Name,Other,100,
kyff.png,/static/images/products/kyff.png,YES,Kyff,Other,100,
kyff_raw_honey.jpg,/static/images/products/kyff_raw_honey.jpg,YES,Kyff Raw Honey,Sweeteners,100,
lq1.jpg,/static/images/products/lq1.jpg,YES,Lq1,Other,100,
lq2.jpg,/static/images/products/lq2.jpg,YES,Lq2,Other,100,
lq3.jpg,/static/images/products/lq3.jpg,YES,Lq3,Other,100,
lq4.jpg,/static/images/products/lq4.jpg,YES,Lq4,Other,100,
lq5.jpg,/static/images/products/lq5.jpg,YES,Lq5,Other,100,
lq6.jpg,/static/images/products/lq6.jpg,YES,Lq6,Other,100,
lq7.jpg,/static/images/products/lq7.jpg,YES,Lq7,Other,100,
malli.jpg,/static/images/products/malli.jpg,YES,Malli,Other,100,
mapillai-samba.jpg,/static/images/products/mapillai-samba.jpg,YES,Mapillai Samba,Other,100,
mappilai-samba.jpg,/static/images/products/mappilai-samba.jpg,YES,Mappilai Samba,Other,100,
mappillai-new-500x500.jpg,/static/images/products/mappillai-new-500x500.jpg,YES,Mappillai New,Other,100,
mappillai-new.jpg,/static/images/products/mappillai-new.jpg,YES,Mappillai New,Other,100,
melting_pot.jpg,/static/images/products/melting_pot.jpg,YES,Melting Pot,Other,100,
methi-powder.jpg,/static/images/products/methi-powder.jpg,YES,Methi Powder,Flours,100,
milagu.jpg,/static/images/products/milagu.jpg,YES,Milagu,Other,100,
millets21542.jpg,/static/images/products/millets21542.jpg,YES,Millets21542,Millets,100,
mochai.jpg,/static/images/products/mochai.jpg,YES,Mochai,Other,100,
mohamed-arif-lffaimoygo4-unsplash-scaled.jpg,/static/images/products/mohamed-arif-lffaimoygo4-unsplash-scaled.jpg,NO,Mohamed Arif Lffaimoygo4 Unsplash Scaled,Other,100,
mohamed-arif-lffaimoygo4-unsplash.jpg,/static/images/products/mohamed-arif-lffaimoygo4-unsplash.jpg,NO,Mohamed Arif Lffaimoygo4 Unsplash,Other,100,
mong-dal.jpg,/static/images/products/mong-dal.jpg,YES,Mong Dal,Pulses,100,
mooringa-honey.png,/static/images/products/mooringa-honey.png,YES,Mooringa Honey,Sweeteners,100,
morangai.jpg,/static/images/products/morangai.jpg,YES,Morangai,Other,100,
msm1.jpeg,/static/images/products/msm1.jpeg,YES,Msm1,Other,100,
multi-grain-atta.jpg,/static/images/products/multi-grain-atta.jpg,YES,Multi Grain Atta,Flours,100,
multi-grain-sathu-mavu.jpg,/static/images/products/multi-grain-sathu-mavu.jpg,YES,Multi Grain Sathu Mavu,Other,100,
multiflowerhoney.png,/static/images/products/multiflowerhoney.png,NO,Multiflowerhoney,Sweeteners,100,
murukku-kavuni.jpg,/static/images/products/murukku-kavuni.jpg,YES,Murukku Kavuni,Other,100,
murukku-mappilaisamba.jpg,/static/images/products/murukku-mappilaisamba.jpg,YES,Murukku Mappilaisamba,Other,100,
mustard-kadugu-500x500.jpg,/static/images/products/mustard-kadugu-500x500.jpg,NO,Mustard Kadugu,Spices,100,
mustard-kadugu.jpg,/static/images/products/mustard-kadugu.jpg,NO,Mustard Kadugu,Spices,100,
my-post-13.jpg,/static/images/products/my-post-13.jpg,YES,My Post 13,Other,100,
my-post.jpg,/static/images/products/my-post.jpg,YES,My Post,Other,100,
namalvar.jpg,/static/images/products/namalvar.jpg,YES,Namalvar,Other,100,
nandhu-kumar-c0rewzey4ru-unsplash-scaled.jpg,/static/images/products/nandhu-kumar-c0rewzey4ru-unsplash-scaled.jpg,NO,Nandhu Kumar C0Rewzey4Ru Unsplash Scaled,Other,100,
nandhu-kumar-c0rewzey4ru-unsplash.jpg,/static/images/products/nandhu-kumar-c0rewzey4ru-unsplash.jpg,NO,Nandhu Kumar C0Rewzey4Ru Unsplash,Other,100,
napkins.png,/static/images/products/napkins.png,YES,Napkins,Other,100,
nattusarkarai_w.jpeg,/static/images/products/nattusarkarai_w.jpeg,YES,Nattusarkarai W,Sweeteners,100,
natural-toilet-cleaner.jpg,/static/images/products/natural-toilet-cleaner.jpg,YES,Natural Toilet Cleaner,Oils,100,
natural.jpg,/static/images/products/natural.jpg,YES,Natural,Other,100,
nature.jpg,/static/images/products/nature.jpg,NO,Nature,Other,100,
navara_red-rice_800x.jpg,/static/images/products/navara_red-rice_800x.jpg,YES,Navara Red Rice 800X,Rice,100,
navi-photography-e5v-ypancki-unsplash-scaled.jpg,/static/images/products/navi-photography-e5v-ypancki-unsplash-scaled.jpg,NO,Navi Photography E5V Ypancki Unsplash Scaled,Other,100,
navi-photography-e5v-ypancki-unsplash.jpg,/static/images/products/navi-photography-e5v-ypancki-unsplash.jpg,NO,Navi Photography E5V Ypancki Unsplash,Other,100,
neem-oil-500x500.jpg,/static/images/products/neem-oil-500x500.jpg,YES,Neem Oil,Oils,100,
neem-oil.jpg,/static/images/products/neem-oil.jpg,YES,Neem Oil,Oils,100,
nila-nalungu-mavu.jpg,/static/images/products/nila-nalungu-mavu.jpg,YES,Nila Nalungu Mavu,Other,100,
nilakadalai.jpg,/static/images/products/nilakadalai.jpg,NO,Nilakadalai,Pulses,100,
nisha-ramesh-tbkvqp8df5m-unsplash-1-scaled.jpg,/static/images/products/nisha-ramesh-tbkvqp8df5m-unsplash-1-scaled.jpg,NO,Nisha Ramesh Tbkvqp8Df5M Unsplash 1 Scaled,Other,100,
nisha-ramesh-tbkvqp8df5m-unsplash-scaled.jpg,/static/images/products/nisha-ramesh-tbkvqp8df5m-unsplash-scaled.jpg,NO,Nisha Ramesh Tbkvqp8Df5M Unsplash Scaled,Other,100,
nisha-ramesh-tbkvqp8df5m-unsplash.jpg,/static/images/products/nisha-ramesh-tbkvqp8df5m-unsplash.jpg,NO,Nisha Ramesh Tbkvqp8Df5M Unsplash,Other,100,
oils.jpeg,/static/images/products/oils.jpeg,YES,Oils,Oils,100,
omam.jpg,/static/images/products/omam.jpg,YES,Omam,Other,100,
omam1.jpg,/static/images/products/omam1.jpg,YES,Omam1,Other,100,
org-vs-non.jpg,/static/images/products/org-vs-non.jpg,YES,Org Vs Non,Other,100,
organic-farming-scientist.jpg,/static/images/products/organic-farming-scientist.jpg,NO,Organic Farming Scientist,Other,100,
organic-ts.jpg,/static/images/products/organic-ts.jpg,YES,Organic Ts,Other,100,
oyin-enoch-r9zp8dvbw-i-unsplash-scaled.jpg,/static/images/products/oyin-enoch-r9zp8dvbw-i-unsplash-scaled.jpg,NO,Oyin Enoch R9Zp8Dvbw I Unsplash Scaled,Other,100,
oyin-enoch-r9zp8dvbw-i-unsplash.jpg,/static/images/products/oyin-enoch-r9zp8dvbw-i-unsplash.jpg,NO,Oyin Enoch R9Zp8Dvbw I Unsplash,Other,100,
pachai-payaru-whole.png,/static/images/products/pachai-payaru-whole.png,YES,Pachai Payaru Whole,Other,100,
page.jpg,/static/images/products/page.jpg,YES,Page,Other,100,
pal-perungayam.jpg,/static/images/products/pal-perungayam.jpg,YES,Pal Perungayam,Other,100,
panai-karkandu.jpg,/static/images/products/panai-karkandu.jpg,YES,Panai Karkandu,Other,100,
pc_w.jpg,/static/images/products/pc_w.jpg,YES,Pc W,Other,100,
peper-powder.jpg,/static/images/products/peper-powder.jpg,YES,Peper Powder,Flours,100,
per.jpg,/static/images/products/per.jpg,YES,Per,Other,100,
pixloger-fz6h95zvfjg-unsplash-scaled.jpg,/static/images/products/pixloger-fz6h95zvfjg-unsplash-scaled.jpg,NO,Pixloger Fz6H95Zvfjg Unsplash Scaled,Other,100,
pixloger-fz6h95zvfjg-unsplash.jpg,/static/images/products/pixloger-fz6h95zvfjg-unsplash.jpg,NO,Pixloger Fz6H95Zvfjg Unsplash,Other,100,
poha.jpg,/static/images/products/poha.jpg,YES,Poha,Other,100,
ponmani-red-idli-rice500g-1214011_image_1581921925.jpg,/static/images/products/ponmani-red-idli-rice500g-1214011_image_1581921925.jpg,YES,Ponmani Red Idli Rice500G 1214011 Image 1581921925,Rice,100,
poongar.jpg,/static/images/products/poongar.jpg,YES,Poongar,Other,100,
poovaragam-e1636197738381.jpg,/static/images/products/poovaragam-e1636197738381.jpg,YES,Poovaragam E1636197738381,Other,100,
poovaragam.jpg,/static/images/products/poovaragam.jpg,YES,Poovaragam,Other,100,
potukadalai.jpg,/static/images/products/potukadalai.jpg,NO,Potukadalai,Pulses,100,
prince-abid-oct8g9yzr00-unsplash-scaled.jpg,/static/images/products/prince-abid-oct8g9yzr00-unsplash-scaled.jpg,NO,Prince Abid Oct8G9Yzr00 Unsplash Scaled,Other,100,
prince-abid-oct8g9yzr00-unsplash.jpg,/static/images/products/prince-abid-oct8g9yzr00-unsplash.jpg,NO,Prince Abid Oct8G9Yzr00 Unsplash,Other,100,
puli.jpg,/static/images/products/puli.jpg,YES,Puli,Other,100,
pulses.jpg,/static/images/products/pulses.jpg,YES,Pulses,Other,100,
pure-organic-cow-ghee.png,/static/images/products/pure-organic-cow-ghee.png,YES,Pure Organic Cow Ghee,Other,100,
puthu-then-e1732723401154.jpg,/static/images/products/puthu-then-e1732723401154.jpg,YES,Puthu Then E1732723401154,Other,100,
puthu-then-e1732723479107.jpg,/static/images/products/puthu-then-e1732723479107.jpg,YES,Puthu Then E1732723479107,Other,100,
puthu-then.jpg,/static/images/products/puthu-then.jpg,YES,Puthu Then,Other,100,
ragi-flour.jpeg,/static/images/products/ragi-flour.jpeg,YES,Ragi Flour,Millets,100,
ragi.jpg,/static/images/products/ragi.jpg,YES,Ragi,Millets,100,
rahul-viswanath-jsxeqm8nwwa-unsplash-scaled.jpg,/static/images/products/rahul-viswanath-jsxeqm8nwwa-unsplash-scaled.jpg,NO,Rahul Viswanath Jsxeqm8Nwwa Unsplash Scaled,Other,100,
rahul-viswanath-jsxeqm8nwwa-unsplash.jpg,/static/images/products/rahul-viswanath-jsxeqm8nwwa-unsplash.jpg,NO,Rahul Viswanath Jsxeqm8Nwwa Unsplash,Other,100,
rajesh-rajput-arpciiugijy-unsplash-scaled.jpg,/static/images/products/rajesh-rajput-arpciiugijy-unsplash-scaled.jpg,NO,Rajesh Rajput Arpciiugijy Unsplash Scaled,Other,100,
rajesh-rajput-arpciiugijy-unsplash.jpg,/static/images/products/rajesh-rajput-arpciiugijy-unsplash.jpg,NO,Rajesh Rajput Arpciiugijy Unsplash,Other,100,
rajma.jpeg,/static/images/products/rajma.jpeg,YES,Rajma,Other,100,
rajmudi.png,/static/images/products/rajmudi.png,YES,Rajmudi,Other,100,
ram-kumar-l-gbuwafqjy-unsplash-1-scaled.jpg,/static/images/products/ram-kumar-l-gbuwafqjy-unsplash-1-scaled.jpg,NO,Ram Kumar L Gbuwafqjy Unsplash 1 Scaled,Other,100,
ram-kumar-l-gbuwafqjy-unsplash-scaled.jpg,/static/images/products/ram-kumar-l-gbuwafqjy-unsplash-scaled.jpg,NO,Ram Kumar L Gbuwafqjy Unsplash Scaled,Other,100,
ram-kumar-l-gbuwafqjy-unsplash.jpg,/static/images/products/ram-kumar-l-gbuwafqjy-unsplash.jpg,NO,Ram Kumar L Gbuwafqjy Unsplash,Other,100,
ram-kumar-zcatlf2leyk-unsplash-scaled.jpg,/static/images/products/ram-kumar-zcatlf2leyk-unsplash-scaled.jpg,NO,Ram Kumar Zcatlf2Leyk Unsplash Scaled,Other,100,
ram-kumar-zcatlf2leyk-unsplash.jpg,/static/images/products/ram-kumar-zcatlf2leyk-unsplash.jpg,NO,Ram Kumar Zcatlf2Leyk Unsplash,Other,100,
ramakrishnan-nataraj-xyhvqmfbbnw-unsplash-scaled.jpg,/static/images/products/ramakrishnan-nataraj-xyhvqmfbbnw-unsplash-scaled.jpg,NO,Ramakrishnan Nataraj Xyhvqmfbbnw Unsplash Scaled,Other,100,
ramakrishnan-nataraj-xyhvqmfbbnw-unsplash.jpg,/static/images/products/ramakrishnan-nataraj-xyhvqmfbbnw-unsplash.jpg,NO,Ramakrishnan Nataraj Xyhvqmfbbnw Unsplash,Other,100,
rasam-powder.jpg,/static/images/products/rasam-powder.jpg,YES,Rasam Powder,Flours,100,
raw-buffalo-ghee-500x500.jpg,/static/images/products/raw-buffalo-ghee-500x500.jpg,YES,Raw Buffalo Ghee,Other,100,
raw-buffalo-ghee.jpg,/static/images/products/raw-buffalo-ghee.jpg,YES,Raw Buffalo Ghee,Other,100,
raw-honey.jpg,/static/images/products/raw-honey.jpg,YES,Raw Honey,Sweeteners,100,
red-chilli-powder-500x500.jpg,/static/images/products/red-chilli-powder-500x500.jpg,YES,Red Chilli Powder,Spices,100,
red-chilli-powder.jpg,/static/images/products/red-chilli-powder.jpg,YES,Red Chilli Powder,Spices,100,
red-chilli.jpg,/static/images/products/red-chilli.jpg,YES,Red Chilli,Spices,100,
red-cholam-500x500.jpg,/static/images/products/red-cholam-500x500.jpg,YES,Red Cholam,Other,100,
red-cholam.jpg,/static/images/products/red-cholam.jpg,YES,Red Cholam,Other,100,
red-karamani.jpg,/static/images/products/red-karamani.jpg,YES,Red Karamani,Other,100,
red-kavuni.jpg,/static/images/products/red-kavuni.jpg,YES,Red Kavuni,Other,100,
red-rice-aval.jpeg,/static/images/products/red-rice-aval.jpeg,YES,Red Rice Aval,Rice,100,
red-rice12.jpg,/static/images/products/red-rice12.jpg,YES,Red Rice12,Rice,100,
rice-flour.jpg,/static/images/products/rice-flour.jpg,YES,Rice Flour,Rice,100,
rice-rava.jpg,/static/images/products/rice-rava.jpg,YES,Rice Rava,Rice,100,
rice.jpg,/static/images/products/rice.jpg,YES,Rice,Rice,100,
rock-salt.jpg,/static/images/products/rock-salt.jpg,YES,Rock Salt,Other,100,
salt-himalayan.jpg,/static/images/products/salt-himalayan.jpg,YES,Salt Himalayan,Other,100,
salt.jpg,/static/images/products/salt.jpg,YES,Salt,Other,100,
samai-flour.jpg,/static/images/products/samai-flour.jpg,YES,Samai Flour,Millets,100,
samai-rice-500x500-500x500.jpg,/static/images/products/samai-rice-500x500-500x500.jpg,YES,Samai Rice,Rice,100,
samai-rice-500x500.jpg,/static/images/products/samai-rice-500x500.jpg,YES,Samai Rice,Rice,100,
samai-rusk.jpg,/static/images/products/samai-rusk.jpg,YES,Samai Rusk,Millets,100,
sambar-podi.jpg,/static/images/products/sambar-podi.jpg,YES,Sambar Podi,Other,100,
satheeshkumar-ram-3v_u2-whm8o-unsplash-scaled.jpg,/static/images/products/satheeshkumar-ram-3v_u2-whm8o-unsplash-scaled.jpg,NO,Satheeshkumar Ram 3V U2 Whm8O Unsplash Scaled,Other,100,
satheeshkumar-ram-3v_u2-whm8o-unsplash.jpg,/static/images/products/satheeshkumar-ram-3v_u2-whm8o-unsplash.jpg,NO,Satheeshkumar Ram 3V U2 Whm8O Unsplash,Other,100,
scrubber.jpg,/static/images/products/scrubber.jpg,YES,Scrubber,Other,100,
sea-salt.jpg,/static/images/products/sea-salt.jpg,YES,Sea Salt,Other,100,
seeraga-samba.jpg,/static/images/products/seeraga-samba.jpg,YES,Seeraga Samba,Other,100,
seeragam.jpg,/static/images/products/seeragam.jpg,YES,Seeragam,Other,100,
sessme-oil.jpeg,/static/images/products/sessme-oil.jpeg,YES,Sessme Oil,Oils,100,
sirumani-rice.jpg,/static/images/products/sirumani-rice.jpg,YES,Sirumani Rice,Rice,100,
six_seasons.jpg,/static/images/products/six_seasons.jpg,YES,Six Seasons,Other,100,
sld1.jpg,/static/images/products/sld1.jpg,YES,Sld1,Other,100,
sld4.jpg,/static/images/products/sld4.jpg,YES,Sld4,Other,100,
sombu-thool.jpg,/static/images/products/sombu-thool.jpg,YES,Sombu Thool,Other,100,
sombu.jpg,/static/images/products/sombu.jpg,YES,Sombu,Other,100,
sparrow.jpg,/static/images/products/sparrow.jpg,YES,Sparrow,Other,100,
spices-powder.png,/static/images/products/spices-powder.png,YES,Spices Powder,Spices,100,
spices.jpg,/static/images/products/spices.jpg,YES,Spices,Spices,100,
spread.jpg,/static/images/products/spread.jpg,NO,Spread,Other,100,
sukku-coffee.jpg,/static/images/products/sukku-coffee.jpg,YES,Sukku Coffee,Other,100,
sundakai-vathal.jpg,/static/images/products/sundakai-vathal.jpg,YES,Sundakai Vathal,Other,100,
sustain.png,/static/images/products/sustain.png,YES,Sustain,Other,100,
swarna-masoori-raw-rice-500x500.jpg,/static/images/products/swarna-masoori-raw-rice-500x500.jpg,YES,Swarna Masoori Raw Rice,Rice,100,
swarna-masoori-raw-rice.jpg,/static/images/products/swarna-masoori-raw-rice.jpg,YES,Swarna Masoori Raw Rice,Rice,100,
t-ravai.jpg,/static/images/products/t-ravai.jpg,YES,T Ravai,Other,100,
tamarind-old.jpg,/static/images/products/tamarind-old.jpg,YES,Tamarind Old,Other,100,
tamilazhagan-lfr7nxbmaji-unsplash-scaled.jpg,/static/images/products/tamilazhagan-lfr7nxbmaji-unsplash-scaled.jpg,NO,Tamilazhagan Lfr7Nxbmaji Unsplash Scaled,Other,100,
tamilazhagan-lfr7nxbmaji-unsplash.jpg,/static/images/products/tamilazhagan-lfr7nxbmaji-unsplash.jpg,NO,Tamilazhagan Lfr7Nxbmaji Unsplash,Other,100,
termite-mound.jpg,/static/images/products/termite-mound.jpg,YES,Termite Mound,Other,100,
thanga-samba-pongal.jpg,/static/images/products/thanga-samba-pongal.jpg,YES,Thanga Samba Pongal,Other,100,
thanga-samba.jpg,/static/images/products/thanga-samba.jpg,YES,Thanga Samba,Other,100,
theathaan-kottai-coffee-powder-தேற்றான்-கொட்டை-காபி.jpg,/static/images/products/theathaan-kottai-coffee-powder-தேற்றான்-கொட்டை-காபி.jpg,YES,Theathaan Kottai Coffee Powder தேற்றான் கொட்டை காபி,Flours,100,
theathaan-kottai-coffee1.jpeg,/static/images/products/theathaan-kottai-coffee1.jpeg,YES,Theathaan Kottai Coffee1,Other,100,
thetran_coffee.png,/static/images/products/thetran_coffee.png,YES,Thetran Coffee,Other,100,
thinai.jpg,/static/images/products/thinai.jpg,YES,Thinai,Millets,100,
thooyamalli-rice-தூயமல்லி-அரிசி.png,/static/images/products/thooyamalli-rice-தூயமல்லி-அரிசி.png,YES,Thooyamalli Rice தூயமல்லி அரிசி,Rice,100,
thuyamalli-rice-500x500.jpg,/static/images/products/thuyamalli-rice-500x500.jpg,YES,Thuyamalli Rice,Rice,100,
thuyamalli-rice.jpg,/static/images/products/thuyamalli-rice.jpg,YES,Thuyamalli Rice,Rice,100,
toor-dal-500x500.jpg,/static/images/products/toor-dal-500x500.jpg,YES,Toor Dal,Pulses,100,
toor-dal.jpg,/static/images/products/toor-dal.jpg,YES,Toor Dal,Pulses,100,
tulsi-dry-ginger.jpeg,/static/images/products/tulsi-dry-ginger.jpeg,YES,Tulsi Dry Ginger,Dry Fruits,100,
turmeric-powder-500x500.jpg,/static/images/products/turmeric-powder-500x500.jpg,YES,Turmeric Powder,Spices,100,
turmeric-powder.jpg,/static/images/products/turmeric-powder.jpg,YES,Turmeric Powder,Spices,100,
turmeric-round.jpg,/static/images/products/turmeric-round.jpg,YES,Turmeric Round,Spices,100,
untitled-16-e1732721084231.png,/static/images/products/untitled-16-e1732721084231.png,YES,Untitled 16 E1732721084231,Other,100,
untitled.png,/static/images/products/untitled.png,YES,Untitled,Other,100,
urad-whole.png,/static/images/products/urad-whole.png,NO,Urad Whole,Pulses,100,
urad-withouit-skin-whole.jpg,/static/images/products/urad-withouit-skin-whole.jpg,NO,Urad Withouit Skin Whole,Pulses,100,
valuvar.jpg,/static/images/products/valuvar.jpg,YES,Valuvar,Other,100,
varagu-flour.jpg,/static/images/products/varagu-flour.jpg,YES,Varagu Flour,Millets,100,
varagu-murukku.jpg,/static/images/products/varagu-murukku.jpg,YES,Varagu Murukku,Millets,100,
varagu-pongal-mix.jpg,/static/images/products/varagu-pongal-mix.jpg,YES,Varagu Pongal Mix,Millets,100,
varagu-rice-500x500.jpg,/static/images/products/varagu-rice-500x500.jpg,YES,Varagu Rice,Rice,100,
varagu-rice.jpg,/static/images/products/varagu-rice.jpg,YES,Varagu Rice,Rice,100,
vinayagar-chathurthi-combo21.jpg,/static/images/products/vinayagar-chathurthi-combo21.jpg,NO,Vinayagar Chathurthi Combo21,Other,100,
vm1.jpeg,/static/images/products/vm1.jpeg,YES,Vm1,Other,100,
whatsapp-image-2021-10-20-at-3.04.30-pm.jpeg,/static/images/products/whatsapp-image-2021-10-20-at-3.04.30-pm.jpeg,YES,Whatsapp Image 2021 10 20 At 3.04.30 Pm,Other,100,
whatsapp-image-2021-11-05-at-5.23.28-pm.jpeg,/static/images/products/whatsapp-image-2021-11-05-at-5.23.28-pm.jpeg,YES,Whatsapp Image 2021 11 05 At 5.23.28 Pm,Other,100,
whatsapp-image-2021-11-06-at-4.39.25-pm.jpeg,/static/images/products/whatsapp-image-2021-11-06-at-4.39.25-pm.jpeg,YES,Whatsapp Image 2021 11 06 At 4.39.25 Pm,Other,100,
whatsapp-image-2021-11-11-at-8.21.43-pm.jpeg,/static/images/products/whatsapp-image-2021-11-11-at-8.21.43-pm.jpeg,YES,Whatsapp Image 2021 11 11 At 8.21.43 Pm,Other,100,
wheat-flour.jpg,/static/images/products/wheat-flour.jpg,YES,Wheat Flour,Flours,100,
white-chana-500x500.jpg,/static/images/products/white-chana-500x500.jpg,YES,White Chana,Other,100,
white-chana.jpg,/static/images/products/white-chana.jpg,YES,White Chana,Other,100,
white-karamani.jpg,/static/images/products/white-karamani.jpg,YES,White Karamani,Other,100,
white-sesame-seeds-500x500.png,/static/images/products/white-sesame-seeds-500x500.png,YES,White Sesame Seeds,Oils,100,
white-sesame-seeds.png,/static/images/products/white-sesame-seeds.png,YES,White Sesame Seeds,Oils,100,
white-solam.jpg,/static/images/products/white-solam.jpg,YES,White Solam,Other,100,
yhinai-mavu.jpg,/static/images/products/yhinai-mavu.jpg,YES,Yhinai Mavu,Other,100,
கருப்பு-கவுனி_karuppu-kavuni.png,/static/images/products/கருப்பு-கவுனி_karuppu-kavuni.png,YES,கருப்பு கவுனி Karuppu Kavuni,Other,100,
தேற்றான்-கொட்டை-காபி.jpeg,/static/images/products/தேற்றான்-கொட்டை-காபி.jpeg,YES,தேற்றான் கொட்டை காபி,Other,100,
தேற்றான்கொட்டை-ஹெர்பல்-காபி.jpg,/static/images/products/தேற்றான்கொட்டை-ஹெர்பல்-காபி.jpg,YES,தேற்றான்கொட்டை ஹெர்பல் காபி,Other,100,
மாப்பிள்ளை-சம்பா-அரிசி.jpg,/static/images/products/மாப்பிள்ளை-சம்பா-அரிசி.jpg,YES,மாப்பிள்ளை சம்பா அரிசி,Other,100,
